domain,message_count,attachment_count,attachment_bytes,first_date,last_date,top_entity_guesses,sample_subjects
alertsp.chase.com,2881,0,0,"Fri, 1 Apr 2016 09:18:31 -0400 (EDT)","Wed, 9 Sep 2020 10:01:31 -0400 (EDT)",,Important Business Banking Alert | Important Business Banking Alert | Important Business Banking Alert
welcome.aexp.com,2830,2,57679,"Fri, 01 Apr 2016 12:21:10 -0700","Wed, 31 Mar 2021 06:14:16 -0700",,Congratulations! Your flight redemption qualifies for the 35 | Large Purchase Approved | Large Purchase Approved
chase.com,2505,1,741,"Fri, 1 Apr 2022 04:08:40 -0400 (EDT)","Wed, 9 Sep 2020 08:19:05 -0400 (EDT)",,You sent $784.99 from account ending in (...2401) | We accepted your check deposit(s) | You sent $171.20 from account ending in (...5750)
venmo.com,967,0,0,"Fri, 1 Aug 2025 01:39:48 +0000","Wed, 9 Dec 2020 21:21:03 +0000",,Luis Puigbo requests $130.00 | You paid Luis Puigbo $130.00 | Luis Puigbo requests $130.00
gmail.com,577,597,345391596,"Fri, 1 Nov 2019 18:41:27 -0400","Wed, 9 Nov 2011 20:39:40 -0400",,Re: Junipero Fund III – Cierre del fondo y actualización ini | Increase Investment | Re: Apertura de cuentas StoneX
gr3000.com,446,711,291868962,"Fri, 04 Aug 2017 17:00:18 +0000","Wed, 9 Mar 2016 13:38:42 -0500",,"Fwd: Post-literate --> post-fundamental | Fwd: Radicado 132257497-V37366 Notificacion Dian Resolucion  | Fwd: Meeting with Lu Zhang, founder of Fusin Fund, an early "
proxyvote.com,445,0,0,"Fri, 01 Apr 2022 09:24:27 -0400","Wed, 8 Jul 2015 05:50:58 -0400",,"Vote now! OPENDOOR TECHNOLOGIES INC. Annual Meeting | Vote now! META PLATFORMS, INC. Annual Meeting | Vote now! COINBASE GLOBAL, INC. Annual Meeting"
peninsulainvestments.com,282,16,26242594,06 Mar 2026 17:30:54 -0000,"Wed, 7 Oct 2020 15:15:14 +0300",,COI Student JH-BOS LLC - Capital Call #8 | Peninsula Alternative Real Estate II LP - Capital Call #24 | COI Student JH-BOS LLC - Independent auditor's report
unknown,272,93,29023711,07/05/2021 14:53,"Wed, 9 Oct 2019 10:42:19 -0400",,BMW Payment Confirmation Email | New Message Available from BMW Financial Services | BMW Paperless Notification Email
ml.com,211,463,162610085,"Fri, 01 Apr 2016 13:21:49 +0000","Wed, 28 Nov 2018 13:35:39 +0000",,IB< COmments | IBM COmments | IBM COmments
leumiusa.com,152,522,38613570,19/01/2018 15:52,"Wed, 9 Sep 2015 18:34:57 +0000",,CAD Trade_Gabriel Sternberg | Re: Wire for Misha Sternberg | RE: Wire for Gabriel Sternberg
accumuluscapital.com,150,138,15799371,"Fri, 10 Apr 2020 01:07:06 +0000","Wed, 9 Jan 2019 00:39:34 +0000",,Accumulus Funds - April 2026 Estimated Performance | Accumulus First Quarter 2026 Investor Letter | Accumulus Capital - Q1 2026 Quarterly Investor Webinar Invit
mtgsvc.com,124,0,0,"Fri, 6 Aug 2021 12:20:14 +0000","Wed, 9 Oct 2024 01:35:09 +0000",,HSBC Bank - E-Statement Notification | HSBC Bank - Payment Received | HSBC Bank - E-Statement Notification
tmr3.com,109,0,0,"Fri, 01 Apr 2016 06:29:44 -0400","Wed, 30 Sep 2015 10:17:36 -0400",,Wires Advice | Wires Advice | Wires Advice
investordelivery.com,85,0,0,"Fri, 07 Jun 2019 03:35:14 -0400","Wed, 8 Aug 2012 03:21:03 -0400",,Prospectus delivery notification | Prospectus delivery notification | Prospectus delivery notification
provincial.com,83,0,0,01/12/2016 13:50,"Wed, 30 Sep 2015 07:54:45 -0430",,"Así de fácil es pagar el ISLR | Avanzar contigo, nuestro compromiso | Así de fácil es pagar el ISLR"
rivoalto.com,77,5,4587460,"Fri, 06 Dec 2024 18:44:07 +0000","Wed, 6 Apr 2022 17:42:08 -0400",,"Fwd: Wire IN (CTRC) 250,000.00 XXXXXX7337 NWL REIT ONE LLC | NWL REIT One LLC - December 2025 Income Distribution Notice | NWL REIT ONE LLC - November 2025 Income Distribution notice"
statement.etradefinancial.com,67,0,0,"Fri, 1 Jul 2011 07:09:08 -0400","Wed, 8 Aug 2012 06:11:30 -0400",, |  | 
emessaging.us.hsbc.com,66,0,0,"Fri, 11 Dec 2015 20:01:22 -0600","Wed, 3 Apr 2019 16:17:32 -0500",,HSBC One-Time Code For Log On | HSBC One-Time Code For Log On | HSBC One-Time Code For Log On
levelvc.com,61,6,11890,"Fri, 17 Sep 2021 07:42:18 -0400","Wed, 8 Mar 2023 11:58:19 -0500",,Level Ventures Update (December 2025) | Level Ventures Update (2025 AGM) | Level Ventures Update (November 2025)
jtcgroup.com,61,117,4129238,"Fri, 18 Mar 2022 15:34:14 +0000","Wed, 28 Jul 2021 18:28:11 +0000",,Glide Series - Wasserstein Debt Opportunities | Glide Fund Series LLC - SI Alternative Multistrategy Portfol | Glide Fund Series LLC - SI Alternative Multistrategy Portfol
alerts.chase.com,58,0,0,11/03/2009 9:19,"Wed, 4 Apr 2012 02:54:52 -0400 (EDT)",,Your Credit Card Payment Received Alert From Chase Card Serv | Your Credit Card Payment is Due Alert From Chase Card Servic | An Alert from Chase about Your External Transfer
shiro-web.com,52,34,25932236,"Fri, 12 Dec 2014 10:41:54 -0500","Wed, 7 Jan 2015 12:18:23 -0500",,"2025 Hotel DAD 2A, LLC - June Distribution | 2025 Hotel Inv DAD, LLC - Jun Distribution | 2025 Hotel Inv DAD, LLC - May Distribution"
adler-partners.com,50,123,7075948,"Fri, 03 Feb 2023 20:44:21 +0000","Wed, 29 May 2024 20:55:16 +0000",,Adler Light II – Status Update | Fund IV /ALIP II Transaction Update | Subscription Documents Received - Adler Light Industrial Por
fpcm.net,40,139,27580364,"Fri, 10 Apr 2015 17:53:46 +0000","Wed, 8 Apr 2015 22:08:25 +0000",,Fidelity Charitable Account | RE: Formas a Firmar | RE: Formas a Firmar
beta-angels.com,35,24,16030025,"Fri, 1 Nov 2019 18:28:22 -0400","Wed, 5 Sep 2018 17:07:08 -0400",,Re: Unispectral / Q4'21 Update for Beta9 Members (Confidenti | Unispectral / Q4'21 Update for Beta9 Members (Confidential) | Unispectral / Q2 Update for Beta9 Members (Confidential)
rcam.target.com,34,0,0,10/10/2016 14:13,09/09/2017 13:49,,REDcard Email Alert : Statement Available - Reference: 36177 | REDcard Email Alert : Statement Available - Reference: 36177 | REDcard Email Alert : Statement Available - Reference: 36177
infiniti.com,32,0,0,"Fri, 15 Sep 2017 21:28:00 +0000 (GMT)","Wed, 31 May 2017 10:31:03 +0000 (GMT)",,End of Lease Liability Reminder | System Initiated Online Payment Cancellation | Statement Available
umb.com,30,8,7151838,"Fri, 1 Apr 2022 17:05:35 -0500","Wed, 30 Nov 2022 18:06:54 -0600",,"SOF-XII VIP Onshore, L.P. 4th Quarter 2025 Reporting | RE: Outstanding SOF XII Capital Call | Due 3/12/26 | RE: Outstanding SOF XII Capital Call | Due 3/12/26"
communications.tdameritrade.com,28,0,0,"Fri, 26 May 2023 18:10:30 +0000","Wed, 24 Nov 2021 13:55:01 +0000",,"The latest on the markets and your move to Schwab | Gabriel, your move to Schwab is this weekend | ONE WEEK LEFT until your account moves to Schwab"
dadlp.com,25,43,7092808,"Fri, 1 Nov 2019 12:35:02 +0000","Wed, 8 Apr 2020 10:16:45 -0400",,"Holiday Inn Express Springfield Q2 2020 Earnings Release | Crowne Plaza Springfield Q2 2020 Earnings Release | Driftwood Acquisitions & Development, LP - Q2 2020 Earnings "
finomial.com,23,0,0,"Fri, 20 Dec 2024 19:42:01 +0000","Wed, 24 Jan 2024 21:07:24 +0000",,Accumulus Fund LP - Monthly Capital Statement | Accumulus Fund LP - Monthly Capital Statement | Accumulus Fund LP - Monthly Capital Statement
scala-capital.com,23,29,5556502,"Fri, 10 Apr 2026 17:34:24 +0000","Wed, 28 May 2025 20:45:04 +0000",,RE: Apertura de cuentas StoneX | RE: Apertura de cuentas StoneX | RE: Apertura de cuentas StoneX
intexus.la,21,36,17961493,"Fri, 14 Mar 2025 11:15:30 -0400","Wed, 25 Jun 2025 12:47:04 -0400",,Re: | Re: Junipero Fund III - AI Disruption Fund | Fwd: Intereses Mutuo Gabriel Sternberg MX-003 // NIUBBE
mail.fidelity.com,21,0,0,"Fri, 02 Aug 2024 15:38:47 -0600","Wed, 31 Jul 2024 21:45:52 -0600",,Your transaction activity is available online | We have received your grant recommendation | Grant recommendation confirmation
junipero.vc,20,15,26656254,"Fri, 11 Jul 2025 13:38:58 +0100","Wed, 6 May 2026 19:30:33 -0400",,Junipero Fund III – Cierre del fondo y actualización inicial | Junípero Fund III LLC - Documentos de inversión y siguientes | Re: Junipero Fund III - AI Disruption Fund
glideplatform.com,17,17,1269240,"Fri, 1 Apr 2022 16:09:03 +0000","Wed, 14 Aug 2019 18:32:52 +0000",,Updated 2024 K-1 – Please Disregard Previous Version | Glide Fund Series LLC  - Transition to New Fund Administrato | Updated Glide - Investor Final K1 2023
ig-tek.com,17,20,18837587,"Fri, 13 May 2022 10:33:14 -0400","Wed, 24 May 2023 12:42:05 -0400",,Update letter | Re: Update May-2023 | Update May-2023
citibank.com,17,0,0,"Fri, 2 Aug 2019 05:24:03 -0400","Wed, 2 Oct 2019 05:47:00 -0400",,Citibank Statement ending 07/31/2020 | Citibank Statement ending 06/30/2020 | Citibank Statement ending 05/29/2020
kawa.com,14,27,11570895,"Fri, 2 Sep 2022 15:04:39 -0400","Wed, 24 Apr 2019 21:50:39 +0000",,"Hi Daniel, Gabriel...New Kawa Investor Relations Representat | Kawa EM Deck | Kawa Insights: Uh-Oh"
docusign.net,13,3,648212,"Fri, 20 Feb 2026 09:22:17 -0800","Wed, 29 Jun 2022 11:16:34 -0700",,Complete with Docusign: Junipero Fund III - Subscription Boo | Completed: Complete with Docusign: Almanac Fund I LLC - Dist | Complete with Docusign: Almanac Fund I LLC - Distribution No
bamcap.vc,11,6,2317677,"Mon, 1 Jul 2024 11:05:08 -0400","Wed, 25 Jun 2025 21:51:24 +0200",,"IMPORTANT: 2025 Tax Information Update for BAMCAP1, BETAM2	, | Re: Beta9 (Unispectral) dissolution and distribution | Beta9 (Unispectral) dissolution and distribution"
adlerkawa.com,11,13,11732275,"Fri, 16 Dec 2016 15:31:30 +0000","Wed, 17 Feb 2016 21:28:38 +0000",,Adler Kawa Real Estate Fund III - Third Quarter 2017 Update | Receipt of Funds | ACTION REQUIRED - Fund III Capital Call
emailonline.chase.com,11,0,0,"Fri, 11 Oct 2013 18:10:14 -0400 (EDT)","Wed, 22 Feb 2012 09:00:32 -0500 (EST)",,New Message from Online Banking | New Message from Online Banking | New Message from Online Banking
focuspartners.com,10,41,617988,"Fri, 6 Feb 2026 03:45:19 +0000","Wed, 4 Feb 2026 14:51:50 +0000",,RE: IBIT Hedge | RE: IBIT Hedge | RE: IBIT Hedge
finfly.com,9,0,0,"Fri, 13 Feb 2026 21:33:50 +0000","Wed, 10 Dec 2025 15:23:50 +0000",,Your Monthly Performance Report is Ready - 01/2026 | Your Monthly Performance Report is Ready - 01/2026 | Your Monthly Performance Report is Ready - 01/2026
trilogyreg.com,9,1,2465,"Fri, 2 Jun 2023 21:08:22 +0000","Wed, 25 Jul 2012 20:35:04 -0500",,"RE: Trilogy Multifamily Fund II, LP – Quarterly Report | RE: Trilogy Multifamily Fund II, LP – Quarterly Report | RE: Trilogy Multifamily Fund II, LP – Quarterly Report"
vmsgroup.com,9,2,419977,"Fri, 17 Dec 2021 15:10:07 +0000","Wed, 1 Sep 2021 13:29:09 +0000",,"Work-Bench Ventures III, LP - 2Q22 Quarterly Financials and  | Work-Bench Ventures III, LP - 1Q22 Quarterly Financials and  | [Action Req'd] Work-Bench LPA Amendment for Opportunity Fund"
locatelcolombia.com,9,5,1886782,"Mon, 25 Jul 2011 19:33:11 -0500","Tue, 26 Jul 2011 09:13:36 -0500",,Contrato | RE: RV: contrato corregido | RV: Documento
sscinc.com,8,2,182354,"Fri, 14 Oct 2022 18:05:11 -0400 (EDT)","Wed, 14 Oct 2020 18:50:25 -0400 (EDT)",,"Kawa Onshore Feeder Fund, LLC, 31 August 2025 Statement now  | Kawa Onshore Feeder Fund, LLC, 30 November 2022 Statement no | Kawa Onshore Feeder Fund, LLC, 31 October 2022 Statement now"
mgstover.com,8,4,785967,"Fri, 04 Apr 2025 13:45:25 +0000 (UTC)","Wed, 14 Feb 2024 20:10:14 +0000 (UTC)",,Framework Ventures III LP - 2024 Tax Estimate | Framework Ventures III L.P. 2023 K-1 | TIMELY - Indications of Interest for Framework Ventures Fund
corbincapital.com,8,4,1945425,"Mon, 21 Oct 2024 23:05:14 +0000","Wed, 23 Oct 2024 17:58:53 +0000",,RE: Sternmz/Corbin - Intro | RE: Sternmz/Corbin - Intro | RE: Sternmz/Corbin - Intro
clifftopcapital.com,8,1,1851176,"Fri, 9 Feb 2024 08:34:28 -0700","Tue, 23 Apr 2024 09:56:29 -0700",,Fwd: Pago Anticipado Credito Nexos Invest c/ Linea de JP Mor | Pago Anticipado Credito Nexos Invest c/ Linea de JP Morgan | Re: Invitación: Oportunidades Solar-Credito-Mexico mié 14 de
starwood.com,7,12,18227474,"Mon, 16 Mar 2026 16:59:20 +0000","Wed, 18 Mar 2026 14:56:55 +0000",,RE: Outstanding SOF XII Capital Call | Due 3/12/26 | Outstanding SOF XII Capital Call | Due 3/12/26 | Starwood Capital Group | Personnel Announcement
sinaxcorp.com,7,2,38418,"Fri, 1 Apr 2022 12:49:46 -0400","Wed, 7 Mar 2018 16:48:08 -0600",,Fwd: INTRESES PAGADOS 2022 SR. GABRIEL STERNBERG | Fwd: ORDEN DE PAGO 49464845 | Fwd: ORDEN DE PAGO 48517943
morganstanleypwm.com,7,10,7350234,"Fri, 23 Jul 2010 14:37:20 -0400","Wed, 23 Feb 2022 13:59:06 +0000",,"RE: Intro - Daniel y Gabriel <> Abraham, Javier y Juan. | RE: Intro - Daniel y Gabriel <> Abraham, Javier y Juan. | Re: Intro - Daniel y Gabriel <> Abraham, Javier y Juan."
hines.com,6,5,22357477,"Fri, 13 Dec 2024 15:00:35 +0000","Wed, 29 Jan 2025 13:17:53 +0000",,Hi Gabriel and Daniel - Charles @ Hines | Re: Alberto | Charles Catch Up | Re: Alberto | Charles Catch Up
yahoo.com,6,1,246362,"Fri, 27 Dec 2024 08:38:05 -0500","Tue, 6 Sep 2011 16:22:42 -0400",,"Risks in 2025 - Apollo Academy | A dangerous gap - The market v the real economy | Leaders |  | Re: Revizion de Contrato,pendientes"
gylfinsyn.com,6,10,4611090,"Fri, 21 Apr 2023 22:17:15 +0000","Wed, 24 Jul 2024 18:01:43 +0000",,RE: Wire Transfer - GS Chase Account | Work-Bench Fund III Update | Re: Cash Flow -> College
welcome.americanexpress.com,6,0,0,"Fri, 08 Sep 2023 02:03:22 -0700","Thu, 07 Sep 2023 18:03:54 -0700",,Your Additional Card may not have been present for a purchas | Your Card may not have been present for a purchase | Your Additional Card may not have been present for a purchas
bpbcpa.com,6,3,17282790,"Mon, 7 Aug 2023 17:38:48 +0000","Wed, 1 Apr 2015 18:08:15 +0000",,Real Estate Investment | RE: Stern Mazal 2014 K1 and 1099 | RE: Stern Mazal 2014 K1 and 1099
arcticoncapital.com,6,10,45357,"Fri, 22 Nov 2013 19:53:00 +0000","Tue, 29 Sep 2015 20:11:10 +0000 (GMT)",,"FW: Investor Update_ CRP Bay Ridge Hoyt LLC | Adler Kawa RE, Investor Letter, Q2-2015 | On the press"
bondsisrael.com,6,3,226339,"Fri, 13 Dec 2013 00:56:52 +0000","Tue, 18 Jun 2013 16:29:11 +0000",,RE: FORMATOS NECESARIOS | FORMATOS NECESARIOS | RE: W8
axiom-cap.com,5,7,3149258,"Mon, 19 Jul 2021 20:49:53 +0000","Tue, 3 Nov 2020 16:32:36 +0000",,"re: 13 units (Multi Family) ---- 1735 Arthur Street, Hollywo | RE: Gabriel y Daniel <> Jose - Intro email - Dani Baum - Mul | RE: Gabriel y Daniel <> Jose - Intro email - Dani Baum - Mul"
coinbase.com,5,0,0,"Mon, 18 Mar 2019 12:21:38 +0000","Wed, 27 May 2020 16:20:04 +0000",,"You've enabled address whitelisting on Coinbase Pro | A deposit for $14,000.00 USD has been started | A deposit for $10,000.01 USD has been started"
ramerandsaperstein.com,5,1,3160725,"Fri, 11 Jan 2019 14:03:25 -0500","Tue, 12 Feb 2019 06:45:06 -0500",,Re: New Real Estate Opportunity in NYC | Re: New Real Estate Opportunity in NYC | Re: New Real Estate Opportunity in NYC
notify.chase.com,5,0,0,"Thu, 22 Oct 2009 08:45:31 -0400","Wed, 5 Nov 2014 08:58:18 -0500 (EST)",,Automatic Payment Enrollment Confirmation from Chase | Thank you for enrolling in automatic payments. | Thank you for enrolling in automatic payments
service.comenity.net,5,0,0,"Mon, 26 Oct 2015 08:28:43 -0500 (CDT)","Tue, 28 Mar 2017 14:00:35 -0500 (CDT)",,Your online payment has been received | Your online payment has been received | Your online payment has been received
notification.capitalone.com,4,0,0,"Fri, 28 Mar 2025 12:02:57 +0000","Wed, 03 Jul 2024 15:08:41 +0000",,"GABRIEL, we understand things happen | You've scheduled a payment for April 2, 2025 | Your auto loan payment has posted"
chacon.law,4,15,11901423,"Fri, 27 Oct 2023 14:34:39 +0000","Tue, 31 Oct 2023 16:35:31 +0000",,Re: Stern Mazal 18 LLC Loan to Setai 2904 Corp. - 101 20th S | Re: FW: HUD Para Setai--Funding sent | Re: FW: HUD Para Setai--Funding sent
jpmorgan.com,4,1,2044,"Mon, 8 Apr 2024 15:14:47 +0000","Thu, 12 Dec 2019 14:15:05 +0000",,Gabriel Sternberg / Intexus LLC | RE: [EXTERNAL]New Business Account - Intexus LLC | Re: [EXTERNAL]New Business Account - Intexus LLC
acreditta.com,4,8,19363104,"Fri, 16 Sep 2022 17:47:48 -0400","Thu, 23 May 2019 12:05:50 -0400",,Fwd: Microverse Distribution Info: 2022-09 / Lumni-1 ISA Poo | Fwd: MG3 REIT Info | Fwd: Info Sternberg
abinvestmentgroup.com,4,2,6967838,"Fri, 11 Mar 2022 12:05:32 -0500","Tue, 23 Aug 2022 09:31:13 -0400",,"Connexa Capital Fund I | Re: SCM SP8 LLC (""5040 Medical Executive Center"") Capital Ca | SCM SP8 LLC (""5040 Medical Executive Center"") Capital Call_S"
ortal-inv.com,4,2,45506,"Mon, 15 Nov 2021 07:50:12 +0000","Wed, 10 May 2017 09:14:14 +0000",,RE: Daniel&Yoni | RE: Daniel&Yoni | Re: Daniel&Yoni
smart-invest.com,4,9,2710148,"Fri, 21 Oct 2016 20:47:26 +0000","Wed, 16 Nov 2016 04:46:07 +0000",,GLIDE - Additional Subscription document | Custody at Schwab - Documents needed | Statements Q3 2016
newwaveloans.com,3,0,0,"Mon, 10 Nov 2025 15:14:59 +0000","Wed, 15 Apr 2026 17:19:41 -0400",,Re: Increase Investment | October 2025 Income Distribution | Annual Registered Investment Advisor Form 2A
info6.citi.com,3,0,0,20 Oct 2024 12:13:36 +0000,3 Mar 2025 20:07:13 +0000,,Your statement is now available online | Your Citi® account statement is ready | Your statement is now available online
citi.com,3,2,3902,"Fri, 9 Jan 2015 00:25:49 +0000","Wed, 21 May 2025 14:55:52 +0000",,Nueva succursal en Aventura | Re: Cita | Cita
gmjf.org,3,14,172292,"Fri, 12 May 2023 20:32:28 +0000","Thu, 5 Dec 2024 23:19:02 +0000",,Customer Svcs: Acknowledgement of Payment to Greater Miami J | Customer Svcs: Acknowledgement of Payment to Greater Miami J | Greater Miami Jewish Federation Credit Card Receipt
lynalden.com,3,0,0,"Mon, 26 Jul 2021 00:30:15 +0000","Sun, 13 Oct 2024 16:14:36 +0000",,"Premium Report: Macro, Bitcoin, and Stocks vs Bonds | Premium Report: Macro Update and Business Cycle Analysis | Premium Report: Macro Update and Amazon Analysis"
aduroadvisors.com,3,0,0,"Fri, 1 Dec 2023 01:00:54 +0000 (GMT)","Fri, 31 May 2024 16:31:53 +0000 (GMT)",,"Work-Bench Ventures III, LP – March 31, 2024 Quarterly Repor | Work-Bench Ventures III, LP – September 30, 2023 Quarterly R | Work-Bench Ventures III, LP – 2022 Audited Financial Stateme"
ideals-llc.com,3,2,405909,"Thu, 24 Mar 2022 19:58:28 -0400","Wed, 23 Mar 2022 19:37:12 -0400",,RE: Q1 22 - Artisan Hill - STERN MAZAL 18 | Q1 22 - Artisan Hill - STERN MAZAL 18 | Q3 21 - Artisan Hill - STERN MAZAL 18
mailac.custhelp.com,3,0,0,"Mon, 13 Sep 2021 10:02:40 -0500 (-05)","Mon, 13 Sep 2021 10:57:44 -0500 (-05)",,Chat Davivienda –  13/09/2021 10:02 AM | Chat Davivienda –  13/09/2021 10:02 AM | Chat Davivienda –  13/09/2021 10:02 AM
horseshoeglobal.com,3,2,234103,"Wed, 17 Jan 2018 20:52:41 +0000","Wed, 25 Apr 2018 11:52:37 -0300",,Accumulus Emerging Managers Fund LP 30-Sep-2018 NAV statemen | Accumulus Emerging Managers Fund LP 31-Mar-2018 NAV statemen | Accumulus Emerging Managers Fund LP
smarttuition.com,3,0,0,05/05/2016 19:40,06/03/2017 19:59,,"Miami Country Day School, Inc Automatic Debit Reminder | Miami Country Day School, Inc Automatic Debit Reminder | Miami Country Day School, Inc Automatic Debit Reminder"
dropbox.com,3,0,0,"Thu, 2 Apr 2015 13:50:23 +0000","Thu, 26 Jul 2012 13:25:00 +0000",,"aaron cohen compartió contigo el archivo “SMART RECONCILIATI | daniel stenberg quiere compartir ""INTECSUS PANAMA"" contigo | daniel stenberg quiere compartir ""Stern Mazal"" contigo"
mazal18.com,3,1,74530,"Thu, 10 Apr 2014 11:54:33 -0400","Thu, 8 Dec 2011 15:22:13 -0600",,RE: Aviso de prima poliza de Vida | RE: Aviso de prima poliza de Vida | RE: Renovación Bupa
emailinfo.chase.com,3,0,0,"Mon, 13 Dec 2010 19:53:45 -0500","Thu, 18 Nov 2010 08:21:34 -0500",,Your deposit statement is available online | Your deposit statement is available online | Your Online E-mail Address Change
securitize.io,2,2,817936,"Tue, 04 Nov 2025 19:38:36 +0000 (UTC)","Tue, 4 Nov 2025 16:25:29 -0500",,"BlockTower Capital Partners, LP - September 2025 Investor St | Framework Ventures III L.P. - Q3 2025 Reporting"
pcomgr.com,2,0,0,"Thu, 16 Oct 2025 22:23:04 +0000","Tue, 06 May 2025 22:29:43 +0000",,PCO Fund 2 Distribution Notice | PCO 2 - Quarterly Update
tiendapago.com,2,2,2508320,"Fri, 19 Sep 2025 10:46:29 -0400","Tue, 28 Mar 2017 12:32:03 -0400",,Re: Contrato mutuo pendiente de firma MX-003 | Fwd: Meraki
j-ventures.com,2,0,0,"Thu, 3 Jul 2025 23:36:57 +0300","Tue, 8 Jul 2025 10:34:26 +0300",,Re: Pls meet each other | Re: Pls meet each other
deloitte.com,2,2,175516,"Fri, 28 Feb 2025 21:19:03 +0000","Mon, 17 Mar 2025 14:53:45 +0000",,Deloitte Audit Confirmation Request Reminder (Ref ID: 51905) | Deloitte Audit Confirmation Request (Ref ID: 51498)
substack.com,2,0,0,"Fri, 31 May 2024 17:15:49 +0000","Wed, 11 Aug 2021 03:12:00 +0000",,"Enterprise Weekly #472: Stormy Cloud Earnings, Scaling Produ | Welcome to Tower Watch"
driftwoodcapital.com,2,6,14930,"Fri, 14 Oct 2022 15:45:19 +0000","Wed, 4 May 2022 16:24:50 -0400",,Driftwood Capital / Mezzanine Debt Portfolio | Crowne Plaza Springfield - Q1 2022 Investor Report
solomoncapitalmgt.com,2,2,106459,"Mon, 3 Oct 2022 15:46:15 +0000","Mon, 3 Oct 2022 19:14:15 +0000",,RE: FW: Wire Instructions Scheck Hillel | FW: Wire Instructions Scheck Hillel
glaciergp.com,2,2,5934853,"Mon, 23 Aug 2021 19:48:59 +0000","Tue, 17 May 2022 18:26:57 +0000",,Fw: New investment opportunity | Sheraton Harrisburg
kraken.com,2,2,1698,"Tue, 17 Nov 2020 14:39:50 +0000","Tue, 17 Nov 2020 14:53:44 +0000",,Kraken account verified for crypto and fiat funding | Kraken Account Activated
docta.us,2,0,0,"Fri, 4 Sep 2020 11:02:40 -0400","Thu, 3 Sep 2020 20:34:56 -0400",,RE: Daniel Sawicki's Zoom Meeting | Daniel Sawicki's Zoom Meeting
emeraldcreekcapital.com,2,0,0,"Sun, 24 Feb 2013 12:47:48 +0000","Tue, 28 May 2019 18:13:03 +0000",,Emerald Creek in the News | Re:
capitalbank.com.pa,2,4,166384,"Wed, 18 Apr 2018 13:55:43 +0000","Wed, 18 Apr 2018 14:54:00 +0000",,RE: Envío de transferencia internacional | RE: Envío de transferencia internacional
sefiracapital.com,2,4,44770,"Thu, 1 Feb 2018 20:05:59 +0000","Tue, 27 Mar 2018 20:27:05 +0000",,"Re: Nuevo Proyecto - Apartamentos de Alquiler Atlas Point en | Re: Acuerdo de Suscripción para Webb Bridge en Alpharetta, G"
ybcap.com,2,4,4928089,"Fri, 12 May 2017 20:09:01 +0000","Tue, 16 May 2017 14:06:13 +0000",,Comparables Colombia | Meraki Care Medellin
cladirect.com,2,2,226092,"Fri, 13 Jan 2017 12:20:34 -0500","Thu, 12 Feb 2015 16:58:10 -0500",,Last 3 Pay-stubs | Fwd: W-2
info.comenity.net,2,0,0,"Wed, 28 Oct 2015 05:55:00 EDT","Wed, 28 Oct 2015 08:52:37 EDT",,Thank you for your Motorola Credit account payment | Your Motorola Credit statement is now available online
dhmhotels.com,2,0,0,"Fri, 11 Sep 2015 10:57:21 -0400","Fri, 11 Sep 2015 11:08:27 -0400",,RE: Agradecidos | Re: Agradecidos
finvarb.com,2,1,8450,"Fri, 27 Dec 2013 17:37:23 +0000","Thu, 30 May 2013 14:59:20 +0000",,RE: Important Business Banking Alert | RE: Update on Greenwich 133
leumi.lu,2,0,0,"Fri, 25 Oct 2013 11:47:06 +0200","Wed, 16 Oct 2013 12:42:17 +0200",,RE: Important Business Banking Alert | Nuestra conversacion
castellanre.com,2,3,3240028,"Fri, 24 Feb 2012 11:55:53 -0500","Fri, 24 Feb 2012 16:58:20 -0500",,RE: Subscription CRP Amsterdam y Docs de Smart | Re: Subscription CRP Amsterdam y Docs de Smart
bupalatinamerica.com,2,2,30794,"Tue, 14 Jun 2011 10:47:02 -0400","Wed, 8 Jun 2011 16:53:01 -0400",,Explicación de Beneficio de la Póliza 089254 | Explicación de Beneficio de la Póliza 089254
wallst305.com,1,1,711817,"Wed, 6 May 2026 12:01:02 +0000","Wed, 6 May 2026 12:01:02 +0000",,Alternative Investment Proposal: Monetization of Gas Station
icapitalnetwork.com,1,0,0,"Tue, 07 Apr 2026 19:08:12 +0000","Tue, 07 Apr 2026 19:08:12 +0000",,IMPORTANT TAX RETURN DOCUMENT(S) AVAILABLE
bmwfs.com,1,0,0,"Mon, 8 Dec 2025 18:21:31 -0500","Mon, 8 Dec 2025 18:21:31 -0500",,BMW FS Website – Your Feedback Requested
ewadvisors.net,1,0,0,"Tue, 19 Aug 2025 17:22:33 +0000 (GMT)","Tue, 19 Aug 2025 17:22:33 +0000 (GMT)",,Evolution Wealth Advisors - Tech Opp Fund
nmfundservices.com,1,0,0,"Mon, 19 May 2025 11:16:44 -0700","Mon, 19 May 2025 11:16:44 -0700",,"Work-Bench Ventures III, LP - Q1 2025 Quarterly Financial St"
e.progressive.com,1,0,0,"Sat, 12 Apr 2025 09:43:34 -0600","Sat, 12 Apr 2025 09:43:34 -0600",,Progressive policy change confirmation.
davivienda.com,1,1,51532,"Sat, 22 Mar 2025 21:36:36 +0000","Sat, 22 Mar 2025 21:36:36 +0000",,Certificaciones Tributarias 20241231
fastmail.fm,1,1,4222760,"Tue, 28 Jan 2025 14:53:50 -0500","Tue, 28 Jan 2025 14:53:50 -0500",,Oportunidad de Inversión: Desarrollo Frente al Agua en Belle
adobesign.com,1,0,0,"Wed, 16 Oct 2024 15:12:11 -0700 (PDT)","Wed, 16 Oct 2024 15:12:11 -0700 (PDT)",,"Signature requested on ""PCO RA 2024 Feeder Fund QP Investor "
work-bench.com,1,1,14841,"Fri, 26 Jul 2024 20:52:07 +0000 (GMT)","Fri, 26 Jul 2024 20:52:07 +0000 (GMT)",,"Work-Bench Ventures III, LP - Capital Call due July 31, 2024"
miamimotl.org,1,0,0,"Mon, 15 Jan 2024 17:40:18 +0000","Mon, 15 Jan 2024 17:40:18 +0000",,Payment Received for Miami March of the Living
paypal.com,1,0,0,"Tue, 12 Dec 2023 07:18:21 -0800","Tue, 12 Dec 2023 07:18:21 -0800",,Receipt for your donation to South Florida Zionists Inc.
mibrk.com,1,6,84689,"Tue, 28 Nov 2023 05:33:55 -0800 (PST)","Tue, 28 Nov 2023 05:33:55 -0800 (PST)",,Confirmación de Pago Gabriel Sternberg Póliza No. 926963115
googlemail.com,1,1,1450,"Thu, 17 Aug 2023 06:30:47 -0700 (PDT)","Thu, 17 Aug 2023 06:30:47 -0700 (PDT)",,Delivery Status Notification (Failure)
formidium.com,1,1,117868,"Tue, 1 Aug 2023 11:13:29 +0000","Tue, 1 Aug 2023 11:13:29 +0000",,"Information to Investor | Hartmann Metaverse Ventures I, LP"
blocktower.com,1,0,0,"Mon, 24 Apr 2023 14:25:56 +0000","Mon, 24 Apr 2023 14:25:56 +0000",,"CAPITAL CALL REMINDER: BlockTower VC | Due Wednesday, April "
zoom.us,1,0,0,"Mon, 14 Nov 2022 19:36:54 +0000 (UTC)","Mon, 14 Nov 2022 19:36:54 +0000 (UTC)",,F & S Hotel Fund I Launch Webinar Confirmation
ehillel.org,1,0,0,"Mon, 3 Oct 2022 17:03:13 -0400","Mon, 3 Oct 2022 17:03:13 -0400",,Re: FW: Wire Instructions Scheck Hillel
emilionventures.com,1,1,1061402,"Thu, 29 Sep 2022 19:20:39 -0400","Thu, 29 Sep 2022 19:20:39 -0400",,Emilion Ventures & Sternberg
usbank.com,1,0,0,"Tue, 8 Mar 2022 15:26:36 +0000","Tue, 8 Mar 2022 15:26:36 +0000",,Annual Risk Review - Accumulus Fund
poliprima.com,1,1,60511,"Fri, 30 Jul 2021 15:58:18 -0400","Fri, 30 Jul 2021 15:58:18 -0400",,PAGO - STERNBERG GABRIEL - COMBINADO RESIDENCIAL 01-21-11470
mail.hellosign.com,1,0,0,"Fri, 02 Apr 2021 00:06:11 +0000","Fri, 02 Apr 2021 00:06:11 +0000",,Signature process for Onshore Fund II LP Offering Docs - Fra
assure.co,1,0,0,"Tue, 30 Mar 2021 15:40:18 +0000 (UTC)","Tue, 30 Mar 2021 15:40:18 +0000 (UTC)",,Investment Documents
colexagro.com,1,2,243479,"Mon, 15 Mar 2021 23:01:53 -0400","Mon, 15 Mar 2021 23:01:53 -0400",,PROMISORY NOTE
gocraize.com,1,1,10846895,"Thu, 11 Mar 2021 20:05:24 -0500","Thu, 11 Mar 2021 20:05:24 -0500",,Craize snapshot 2021
tdameritrade.com,1,0,0,"Thu, 14 Jan 2021 18:25:55 +0000","Thu, 14 Jan 2021 18:25:55 +0000",,Thanks for chatting—here’s some more information.
updates.ml.com,1,0,0,"Thu, 26 Mar 2020 07:21:53 -0600","Thu, 26 Mar 2020 07:21:53 -0600",,Daily Client Audiocast
aexp.com,1,0,0,"Tue, 23 May 2017 14:58:40 +0000","Tue, 23 May 2017 14:58:40 +0000",,American Express_ Jordan Ray
biranlaw.com,1,4,54099,"Tue, 16 May 2017 12:02:21 +0000","Tue, 16 May 2017 12:02:21 +0000",,Xsight- Escrow Agreement
grandpascakes.com,1,1,124472,"Mon, 18 Jul 2016 10:41:37 -0400","Mon, 18 Jul 2016 10:41:37 -0400",,Frank Barreto Resume
sandersontestprep.com,1,1,77564,"Thu, 5 May 2016 14:28:22 -0400","Thu, 5 May 2016 14:28:22 -0400",,Invoice
fhms.com,1,0,0,18/05/2015 6:39,18/05/2015 6:39,,Memorial Health PFS - Payment Agreement Activation
shcr.com,1,0,0,"Thu, 19 Mar 2015 12:24:02 -0400","Thu, 19 Mar 2015 12:24:02 -0400",,Payment Details
progressiveagent.com,1,0,0,"Thu, 22 Jan 2015 14:57:49 -0500","Thu, 22 Jan 2015 14:57:49 -0500",,Progressive payment confirmation
etrade.com,1,3,382416,"Tue, 6 Jan 2015 18:46:59 +0000","Tue, 6 Jan 2015 18:46:59 +0000",,Platinum Client Group
miamicountryday.org,1,0,0,"Fri, 07 Nov 2014 10:54:33 -0500","Fri, 07 Nov 2014 10:54:33 -0500",,New Student Billing Statement Available
e.equifax.com,1,0,0,"Mon, 02 Jun 2014 16:46:37 -0600","Mon, 02 Jun 2014 16:46:37 -0600",,Welcome to Equifax Complete Premier
ufconline.com,1,1,24728,"Mon, 10 Mar 2014 11:33:48 -0400","Mon, 10 Mar 2014 11:33:48 -0400",,Aviso de prima poliza de Vida
banesco.com,1,0,0,"Wed, 25 Jul 2012 17:45:55 -0430","Wed, 25 Jul 2012 17:45:55 -0430",,"Gabriel, Bienvenido a la Banca Premium Banesco"
jpmchase.com,1,0,0,"Wed, 6 Jun 2012 10:41:47 -0400","Wed, 6 Jun 2012 10:41:47 -0400",,JPMChase - Ricardo Rodriguez
insenser.com,1,0,0,"Thu, 7 Jun 2012 09:43:40 +0200","Thu, 7 Jun 2012 09:43:40 +0200",,RE: Wires Advice
email2.americanexpress.com,1,0,0,"Tue, 05 Jun 2012 09:04:57 -0700","Tue, 05 Jun 2012 09:04:57 -0700",,Your account has been credited
gotliebandassociates.com,1,0,0,"Mon, 05 Mar 2012 05:57:59 -0700","Mon, 05 Mar 2012 05:57:59 -0700",,RE: LLC Incorporation
linkedin.com,1,0,0,"Mon, 6 Jun 2011 21:53:59 +0000 (UTC)","Mon, 6 Jun 2011 21:53:59 +0000 (UTC)",,Your LinkedIn Order 19658494
honorlaurel.com.co,1,1,1706,"Mon, 30 May 2011 14:17:16 -0500","Mon, 30 May 2011 14:17:16 -0500",,Información 
jccdenver.org,1,0,0,"Thu, 19 May 2011 15:20:52 -0400 (EDT)","Thu, 19 May 2011 15:20:52 -0400 (EDT)",,THIS SUNDAY - Celebrate Family Festival 2011 at the JCC - Ra
emailreply.chase.com,1,0,0,"Mon, 4 Apr 2011 05:43:55 -0400","Mon, 4 Apr 2011 05:43:55 -0400",,Please read important message about your e-mail address
na2.us.ml.com,1,0,0,06/08/2010 9:51,06/08/2010 9:51,,Merrill Lynch E-delivery Confirmation-51705487 (Email sent:8
screen.com.ve,1,0,0,"Tue, 8 Jun 2010 06:02:01 -0430","Tue, 8 Jun 2010 06:02:01 -0430",,U.S $13 Trillion Debt Poised to Overtake
nineinternational.com,1,0,0,"Wed, 21 Apr 2010 18:03:04 -0430","Wed, 21 Apr 2010 18:03:04 -0430",,Contacto
